-- phpMyAdmin SQL Dump
-- version 4.1.14
-- http://www.phpmyadmin.net
--
-- Host: 127.0.0.1
-- Generation Time: Dec 22, 2017 at 06:22 AM
-- Server version: 5.6.17
-- PHP Version: 5.5.12

SET SQL_MODE = "NO_AUTO_VALUE_ON_ZERO";
SET time_zone = "+00:00";


/*!40101 SET @OLD_CHARACTER_SET_CLIENT=@@CHARACTER_SET_CLIENT */;
/*!40101 SET @OLD_CHARACTER_SET_RESULTS=@@CHARACTER_SET_RESULTS */;
/*!40101 SET @OLD_COLLATION_CONNECTION=@@COLLATION_CONNECTION */;
/*!40101 SET NAMES utf8 */;

--
-- Database: `mobile_app`
--

-- --------------------------------------------------------

--
-- Table structure for table `distributors`
--

CREATE TABLE IF NOT EXISTS `distributors` (
  `id` int(255) NOT NULL AUTO_INCREMENT,
  `name` varchar(255) NOT NULL,
  `father_name` varchar(255) NOT NULL,
  `cnic` varchar(15) NOT NULL,
  `phone_no` varchar(32) NOT NULL,
  `address` varchar(512) NOT NULL,
  `visible` tinyint(1) NOT NULL,
  PRIMARY KEY (`id`)
) ENGINE=InnoDB  DEFAULT CHARSET=latin1 AUTO_INCREMENT=11 ;

--
-- Dumping data for table `distributors`
--

INSERT INTO `distributors` (`id`, `name`, `father_name`, `cnic`, `phone_no`, `address`, `visible`) VALUES
(1, 'aqsa', '', '', '', '', 0),
(2, 'Ahmad', 'Hanif', '', '', '', 0),
(3, 'Ahmad', 'Hanif', '123-47857-89', '', '', 0),
(4, '', '', '', '', '', 0),
(5, '', '', '', '', '', 0),
(6, '', '', '', '', '', 0),
(7, '', '', '', '', '', 0),
(8, '', '', '', '', '', 0),
(9, 'Ahmad', 'dfg', 'dfgh', 'dfghj', 'fghj', 0),
(10, 'fghj`', 'tyuiol`rftgyhujkl`', '31303-0437738-3', '44646', '6584646', 0);

-- --------------------------------------------------------

--
-- Table structure for table `products`
--

CREATE TABLE IF NOT EXISTS `products` (
  `id` int(255) NOT NULL AUTO_INCREMENT,
  `product_name` varchar(512) NOT NULL,
  `manufacturer` varchar(64) NOT NULL,
  PRIMARY KEY (`id`)
) ENGINE=InnoDB  DEFAULT CHARSET=latin1 AUTO_INCREMENT=3 ;

--
-- Dumping data for table `products`
--

INSERT INTO `products` (`id`, `product_name`, `manufacturer`) VALUES
(1, 'nokia-x', 'nokia'),
(2, 'samsungj7', 'samsung');

-- --------------------------------------------------------

--
-- Table structure for table `products_per_invoice`
--

CREATE TABLE IF NOT EXISTS `products_per_invoice` (
  `id` int(255) NOT NULL AUTO_INCREMENT,
  `purchase_invoice_id` int(255) NOT NULL,
  `product_id` int(255) NOT NULL,
  `imei` int(15) NOT NULL,
  `expiry_starting_date` date NOT NULL,
  `expiry_ending_date` date NOT NULL,
  `purchase_price` int(255) NOT NULL,
  `sale_price` int(255) NOT NULL,
  PRIMARY KEY (`id`)
) ENGINE=InnoDB  DEFAULT CHARSET=latin1 AUTO_INCREMENT=28 ;

--
-- Dumping data for table `products_per_invoice`
--

INSERT INTO `products_per_invoice` (`id`, `purchase_invoice_id`, `product_id`, `imei`, `expiry_starting_date`, `expiry_ending_date`, `purchase_price`, `sale_price`) VALUES
(1, 131, 2, 45678, '0000-00-00', '0000-00-00', 4567, 5678),
(2, 132, 2, 345678, '2017-12-13', '2017-12-13', 4567, 45678),
(3, 133, 2, 34567, '2017-12-27', '2017-12-19', 45678, 4567),
(4, 133, 1, 0, '2017-12-12', '2017-12-13', 98765, 976),
(5, 133, 1, 98765876, '2017-12-12', '2017-12-13', 98765, 976),
(6, 134, 2, 0, '2017-12-05', '2017-12-05', 34567, 567),
(7, 134, 2, 0, '2017-12-05', '2017-12-05', 34567, 567),
(8, 134, 2, 45678, '2017-12-05', '2017-12-05', 34567, 567),
(9, 135, 2, 34567, '2018-01-03', '2017-12-12', 23456, 234567),
(10, 135, 2, 0, '2018-01-03', '2017-12-12', 23456, 234567),
(11, 135, 2, 3456, '2018-01-03', '2017-12-12', 23456, 234567),
(12, 136, 2, 345678, '2017-12-27', '2017-12-13', 3456, 34567),
(13, 136, 1, 0, '2017-12-13', '2017-12-12', 3456, 4567),
(14, 136, 1, 45678, '2017-12-13', '2017-12-12', 3456, 4567),
(15, 136, 1, 0, '2017-12-13', '2017-12-12', 3456, 4567),
(16, 137, 2, 3467, '2017-12-05', '2017-12-06', 3456, 34567),
(17, 137, 2, 0, '2017-12-05', '2017-12-06', 3456, 34567),
(18, 137, 2, 3467, '2017-12-05', '2017-12-06', 3456, 34567),
(19, 137, 2, 0, '2017-12-05', '2017-12-06', 3456, 34567),
(20, 137, 2, 3456, '2017-12-05', '2017-12-06', 3456, 34567),
(21, 147, 2, 34567, '2017-12-12', '2017-12-12', 23456, 34567),
(22, 147, 2, 0, '2017-12-12', '2017-12-12', 23456, 34567),
(23, 147, 2, 34567, '2017-12-12', '2017-12-12', 23456, 34567),
(24, 147, 2, 0, '2017-12-12', '2017-12-12', 23456, 34567),
(25, 147, 2, 0, '2017-12-12', '2017-12-12', 23456, 34567),
(26, 149, 1, 234567, '2017-12-12', '2017-12-13', 234567, 2356),
(27, 149, 1, 0, '2017-12-12', '2017-12-13', 234567, 2356);

-- --------------------------------------------------------

--
-- Table structure for table `purchase_invoice`
--

CREATE TABLE IF NOT EXISTS `purchase_invoice` (
  `id` int(255) NOT NULL AUTO_INCREMENT,
  `distributer_id` int(255) NOT NULL,
  `date` date NOT NULL,
  `amount_paid` int(255) NOT NULL,
  `amount_payable` int(255) NOT NULL,
  `discount_received` int(255) NOT NULL,
  `net_total` int(255) NOT NULL,
  PRIMARY KEY (`id`)
) ENGINE=InnoDB  DEFAULT CHARSET=latin1 AUTO_INCREMENT=164 ;

--
-- Dumping data for table `purchase_invoice`
--

INSERT INTO `purchase_invoice` (`id`, `distributer_id`, `date`, `amount_paid`, `amount_payable`, `discount_received`, `net_total`) VALUES
(1, 3, '2017-12-14', 2000, 1000, 2, 3000),
(2, 2, '2017-12-14', 2000, 1000, 2, 3000),
(3, 1, '2017-12-14', 2000, 1000, 2, 3000),
(4, 2, '2017-12-14', 2000, 1000, 2, 3000),
(5, 2, '2017-12-14', 2000, 1000, 2, 3000),
(6, 2, '2017-12-14', 2000, 1000, 2, 3000),
(7, 2, '2017-12-14', 2000, 1000, 2, 3000),
(8, 2, '2017-12-14', 2000, 1000, 2, 3000),
(9, 2, '2017-12-14', 2000, 1000, 2, 3000),
(10, 2, '2017-12-14', 2000, 1000, 2, 3000),
(11, 2, '2017-12-14', 2000, 1000, 2, 3000),
(12, 2, '2017-12-14', 2000, 1000, 2, 3000),
(13, 2, '2017-12-14', 2000, 1000, 2, 3000),
(14, 2, '2017-12-14', 2000, 1000, 2, 3000),
(15, 2, '2017-12-14', 2000, 1000, 2, 3000),
(16, 2, '2017-12-14', 2000, 1000, 2, 3000),
(17, 2, '2017-12-14', 2000, 1000, 2, 3000),
(18, 1, '2017-12-14', 2000, 1000, 4, 3000),
(19, 1, '2017-12-14', 2000, 1000, 4, 3000),
(20, 1, '2017-12-14', 2000, 1000, 2, 3000),
(21, 1, '2017-12-14', 2000, 1000, 2, 3000),
(22, 1, '2017-12-14', 2000, 1000, 2, 3000),
(23, 3, '2017-12-14', 2000, 1000, 2, 3000),
(24, 1, '2017-12-14', 2000, 1000, 4, 4000),
(25, 1, '2017-12-13', 2000, 1000, 4, 3000),
(26, 1, '2017-12-06', 2000, 1000, 4, 4000),
(27, 2, '2017-12-14', 2000, 1000, 2, 4000),
(28, 3, '2017-12-05', 2000, 1000, 4, 4000),
(29, 1, '2017-12-04', 2000, 1000, 4, 4000),
(30, 2, '2017-12-13', 2000, 1000, 4, 4000),
(31, 2, '2017-12-14', 2000, 1000, 4, 4000),
(32, 2, '2017-12-14', 2000, 1000, 4, 4000),
(33, 2, '2017-12-14', 2000, 1000, 4, 4000),
(34, 2, '2017-12-21', 2000, 1000, 2, 3000),
(35, 2, '2017-12-21', 2000, 1000, 2, 3000),
(36, 2, '2017-12-21', 2000, 1000, 2, 3000),
(37, 2, '2017-12-21', 2000, 1000, 2, 3000),
(38, 2, '2017-12-21', 2000, 1000, 2, 3000),
(39, 2, '2017-12-21', 2000, 1000, 2, 3000),
(40, 1, '2017-12-06', 2000, 1000, 2, 3000),
(41, 1, '2017-12-06', 2000, 1000, 2, 4000),
(42, 1, '2017-12-06', 2000, 1000, 2, 4000),
(43, 1, '2017-12-06', 2000, 1000, 2, 4000),
(44, 1, '2017-12-06', 2000, 1000, 2, 4000),
(45, 1, '2017-12-06', 2000, 1000, 2, 4000),
(46, 1, '2017-12-06', 2000, 1000, 2, 4000),
(47, 1, '2017-12-05', 2000, 1000, 4, 3000),
(48, 3, '2017-12-13', 2000, 1000, 4, 3000),
(49, 2, '2017-12-06', 2000, 1000, 2, 4000),
(50, 2, '2017-12-06', 2000, 1000, 4, 4000),
(51, 1, '2017-12-13', 2000, 1000, 4, 4000),
(52, 3, '2017-12-13', 2000, 1000, 4, 4000),
(53, 1, '2017-12-14', 2000, 1000, 4, 4000),
(54, 2, '2017-12-13', 2000, 1000, 4, 3000),
(55, 2, '2017-12-13', 2000, 1000, 2, 3000),
(56, 3, '2017-12-13', 2000, 1000, 4, 3000),
(57, 1, '2017-12-13', 4567, 4567, 45678, 56789),
(58, 2, '2017-12-13', 45678, 4567, 45678, 5678),
(59, 2, '2017-12-13', 45678, 4567, 45678, 5678),
(60, 2, '2017-12-13', 45678, 4567, 45678, 5678),
(61, 2, '2017-12-13', 45678, 4567, 45678, 5678),
(62, 2, '2017-12-13', 45678, 4567, 45678, 5678),
(63, 2, '2017-12-13', 45678, 4567, 45678, 5678),
(64, 2, '2017-12-13', 45678, 4567, 45678, 5678),
(65, 2, '2017-12-13', 45678, 4567, 45678, 5678),
(66, 3, '2017-12-13', 4567, 567, 567, 5678),
(67, 1, '2017-12-13', 567, 567, 5678, 6789),
(68, 3, '2017-12-06', 456, 4567, 5678, 67),
(69, 2, '2017-12-13', 456, 4567, 567, 5678),
(70, 3, '2017-12-06', 34567, 4567, 5678, 56789),
(71, 2, '2017-12-14', 56, 67, 678, 678),
(72, 9, '2017-12-15', 456, 567, 5678, 5678),
(73, 3, '2017-12-15', 4567, 1000, 4, 3000),
(74, 3, '2017-12-15', 4567, 1000, 4, 3000),
(75, 3, '2017-12-15', 4567, 1000, 4, 3000),
(76, 3, '2017-12-15', 4567, 1000, 4, 3000),
(77, 2, '2017-12-14', 456, 567, 5678, 678),
(78, 3, '2017-12-20', 4567, 567, 567, 5678),
(79, 2, '2017-12-15', 567, 678, 678, 789),
(80, 2, '2017-12-15', 567, 567, 567, 85678),
(81, 3, '2017-12-13', 456, 456, 4567, 5678),
(82, 3, '2017-12-13', 4567, 4567, 45678, 5678),
(83, 1, '2017-12-13', 456, 4567, 5678, 5678),
(84, 1, '2017-12-13', 456, 4567, 5678, 5678),
(85, 1, '2017-12-14', 45678, 45678, 5678, 6789),
(86, 1, '2017-12-14', 45678, 45678, 5678, 6789),
(87, 2, '2017-12-13', 3456, 456, 456, 456),
(88, 1, '2017-12-13', 45678, 567, 5678, 5678),
(89, 1, '2017-12-13', 45678, 567, 5678, 5678),
(90, 1, '2017-12-20', 4567, 4567, 567, 678),
(91, 1, '2017-12-20', 4567, 4567, 567, 678),
(92, 3, '2017-12-06', 456, 456, 5678, 567),
(93, 2, '2017-12-12', 567, 567, 5678, 678),
(94, 3, '2017-12-14', 34567, 4567, 567, 5678),
(95, 2, '2017-12-13', 3456, 3456, 4567, 5678),
(96, 2, '2017-12-13', 45673456, 456, 4567, 45678),
(97, 2, '2017-12-06', 4567, 4567, 45678, 56789),
(98, 2, '2017-12-12', 456, 4567, 567, 5678),
(99, 3, '2017-12-19', 2000, 3456, 34567, 45678),
(100, 2, '2017-12-12', 4563, 45, 345, 3456),
(101, 1, '2017-12-13', 456, 567, 567, 867),
(102, 1, '2017-12-06', 4567, 567, 678, 678),
(103, 1, '2017-12-06', 56, 567, 67, 678),
(104, 1, '2017-12-06', 56567567, 67, 67, 678),
(105, 3, '2017-12-13', 456, 567, 56, 5678),
(106, 1, '2017-12-12', 456, 456, 567, 567),
(107, 3, '2017-12-20', 456, 456, 567, 567),
(108, 1, '2017-12-06', 4567, 567, 5678, 5678),
(109, 3, '2017-12-06', 45, 45645, 456, 4567),
(110, 2, '0000-00-00', 67, 67, 78, 78),
(111, 2, '2017-12-13', 567, 567, 678, 6789),
(112, 3, '2017-12-12', 456, 456, 4567, 567),
(113, 3, '2017-12-13', 67, 678, 678, 6789),
(114, 3, '2017-12-13', 4567, 4567, 5678, 56789),
(115, 3, '2017-12-19', 456, 567, 5678, 5678),
(116, 3, '2017-12-26', 456, 4567, 4567, 56789),
(117, 3, '2017-12-20', 3456, 356, 34567, 23456789),
(118, 3, '2017-12-06', 345678, 45678, 345678, 345678),
(119, 2, '2017-12-13', 456, 567, 5678, 678),
(120, 2, '2017-12-06', 87654, 7654, 76543, 76543),
(121, 2, '2017-12-13', 87654, 567, 567, 56),
(122, 3, '2017-12-20', 456, 4567, 4567, 5678),
(123, 2, '2017-12-06', 456, 456, 4567, 5678),
(124, 2, '2017-12-06', 456, 456, 4567, 5678),
(125, 2, '2017-12-12', 3456, 456, 567, 567),
(126, 2, '2017-12-12', 3456, 456, 567, 567),
(127, 2, '2017-12-06', 4567, 4567, 567, 56789),
(128, 2, '2017-12-05', 3456, 456, 4567, 4567),
(129, 3, '2017-12-13', 4567, 45674, 5674, 5678),
(130, 2, '2017-12-14', 456, 456, 4567, 5678),
(131, 2, '2017-12-13', 567, 567, 567, 5678),
(132, 3, '2017-12-12', 456, 456, 567, 5678),
(133, 2, '2017-12-13', 5678, 55, 55, 55555),
(134, 2, '2017-12-05', 456, 1000, 34567, 34567),
(135, 2, '2017-12-13', 3456, 3456, 34567, 34567),
(136, 2, '2017-12-14', 34567, 4567, 5678, 5678),
(137, 3, '2017-12-13', 34567, 4567, 34567, 34567),
(138, 3, '2017-12-13', 45678, 45678, 45678, 45678),
(139, 3, '2017-12-13', 34567, 3456, 34567, 2345678),
(140, 2, '2017-12-06', 3456, 456, 4567, 45678),
(141, 3, '2017-12-06', 3456, 3456, 3456, 345678),
(142, 1, '2017-12-12', 4567, 4567, 4567, 345678),
(143, 3, '2017-12-13', 3456, 3456, 4567, 45678),
(144, 3, '2017-12-13', 34567, 4567, 567, 5678),
(145, 3, '2017-12-06', 456, 456, 567, 567),
(146, 3, '2017-12-19', 456, 456, 4567, 45678),
(147, 2, '2017-12-26', 456, 4567, 567, 5678),
(148, 1, '2017-12-06', 4567, 3456, 234567, 345678),
(149, 3, '2017-12-13', 34567, 234567, 2367, 34567),
(150, 2, '2017-12-15', 4567, 4567, 4567, 456789),
(151, 2, '2017-12-20', 45673, 567, 456, 45678),
(152, 2, '2017-12-20', 456, 67, 456, 5678),
(153, 3, '2017-12-06', 4567, 456, 34567, 45678),
(154, 2, '2017-12-13', 3456, 3456, 3456, 34567),
(155, 3, '2017-12-08', 3456, 3456, 45678, 45678),
(156, 3, '2017-12-08', 3456, 3456, 45678, 45678),
(157, 2, '2017-12-14', 4567, 3456, 4567, 456789),
(158, 2, '2017-12-14', 4567, 3456, 4567, 456789),
(159, 2, '2017-12-14', 4567, 3456, 4567, 456789),
(160, 2, '2017-12-14', 4567, 3456, 4567, 456789),
(161, 2, '2017-12-14', 567, 456, 456, 567),
(162, 2, '2017-12-13', 56, 456, 5675, 67),
(163, 2, '2017-12-31', 567, 567, 567, 678);

-- --------------------------------------------------------

--
-- Table structure for table `sale_invoice`
--

CREATE TABLE IF NOT EXISTS `sale_invoice` (
  `id` int(255) NOT NULL AUTO_INCREMENT,
  `sale_invoice_id` int(255) NOT NULL,
  `product_id` int(255) NOT NULL,
  `expiry_starting` date NOT NULL,
  `expiry_ending` date NOT NULL,
  `sale_price` int(255) NOT NULL,
  PRIMARY KEY (`id`)
) ENGINE=InnoDB  DEFAULT CHARSET=latin1 AUTO_INCREMENT=39 ;

--
-- Dumping data for table `sale_invoice`
--

INSERT INTO `sale_invoice` (`id`, `sale_invoice_id`, `product_id`, `expiry_starting`, `expiry_ending`, `sale_price`) VALUES
(1, 1, 0, '0000-00-00', '0000-00-00', 0),
(5, 1, 2, '2017-12-13', '2017-12-13', 45678),
(6, 1, 2, '0000-00-00', '0000-00-00', 5678),
(7, 1, 2, '2017-12-13', '2017-12-13', 45678),
(8, 2, 2, '0000-00-00', '0000-00-00', 5678),
(9, 2, 2, '2017-12-13', '2017-12-13', 45678),
(10, 3, 2, '2017-12-13', '2017-12-13', 45678),
(11, 4, 2, '2017-12-13', '2017-12-13', 45678),
(12, 5, 2, '2017-12-13', '2017-12-13', 45678),
(13, 6, 2, '2017-12-13', '2017-12-13', 45678),
(14, 7, 2, '2017-12-13', '2017-12-13', 45678),
(15, 7, 2, '2017-12-13', '2017-12-13', 45678),
(16, 9, 2, '2017-12-13', '2017-12-13', 45678),
(17, 11, 2, '2017-12-13', '2017-12-13', 45678),
(18, 13, 2, '2017-12-13', '2017-12-13', 45678),
(19, 14, 2, '2017-12-13', '2017-12-13', 45678),
(20, 14, 2, '0000-00-00', '0000-00-00', 5678),
(21, 15, 2, '2017-12-13', '2017-12-13', 45678),
(22, 15, 2, '0000-00-00', '0000-00-00', 5678),
(23, 15, 2, '2017-12-13', '2017-12-13', 45678),
(24, 15, 2, '0000-00-00', '0000-00-00', 5678),
(25, 16, 2, '2017-12-13', '2017-12-13', 45678),
(26, 16, 2, '0000-00-00', '0000-00-00', 5678),
(27, 17, 2, '2017-12-13', '2017-12-13', 45678),
(28, 17, 2, '0000-00-00', '0000-00-00', 5678),
(29, 17, 2, '2017-12-13', '2017-12-13', 45678),
(30, 17, 2, '0000-00-00', '0000-00-00', 5678),
(31, 17, 2, '2017-12-13', '2017-12-13', 45678),
(32, 17, 2, '0000-00-00', '0000-00-00', 5678),
(33, 18, 2, '2017-12-13', '2017-12-13', 45678),
(34, 19, 1, '2017-12-12', '2017-12-13', 976),
(35, 19, 1, '2017-12-12', '2017-12-13', 976),
(36, 19, 1, '2017-12-12', '2017-12-13', 976),
(37, 20, 1, '2017-12-12', '2017-12-13', 976),
(38, 20, 1, '2017-12-12', '2017-12-13', 976);

/*!40101 SET CHARACTER_SET_CLIENT=@OLD_CHARACTER_SET_CLIENT */;
/*!40101 SET CHARACTER_SET_RESULTS=@OLD_CHARACTER_SET_RESULTS */;
/*!40101 SET COLLATION_CONNECTION=@OLD_COLLATION_CONNECTION */;
