-- phpMyAdmin SQL Dump
-- version 4.1.14
-- http://www.phpmyadmin.net
--
-- Host: 127.0.0.1
-- Generation Time: Jan 04, 2018 at 09:26 AM
-- Server version: 5.6.17
-- PHP Version: 5.5.12

SET SQL_MODE = "NO_AUTO_VALUE_ON_ZERO";
SET time_zone = "+00:00";


/*!40101 SET @OLD_CHARACTER_SET_CLIENT=@@CHARACTER_SET_CLIENT */;
/*!40101 SET @OLD_CHARACTER_SET_RESULTS=@@CHARACTER_SET_RESULTS */;
/*!40101 SET @OLD_COLLATION_CONNECTION=@@COLLATION_CONNECTION */;
/*!40101 SET NAMES utf8 */;

--
-- Database: `mobile_application`
--

-- --------------------------------------------------------

--
-- Table structure for table `distributors`
--

CREATE TABLE IF NOT EXISTS `distributors` (
  `id` int(255) NOT NULL AUTO_INCREMENT,
  `name` varchar(255) NOT NULL,
  `father_name` varchar(255) NOT NULL,
  `cnic` varchar(20) NOT NULL,
  `phone_no` varchar(32) NOT NULL,
  `address` varchar(512) NOT NULL,
  PRIMARY KEY (`id`)
) ENGINE=InnoDB  DEFAULT CHARSET=latin1 AUTO_INCREMENT=7 ;

--
-- Dumping data for table `distributors`
--

INSERT INTO `distributors` (`id`, `name`, `father_name`, `cnic`, `phone_no`, `address`) VALUES
(4, 'Ahmad', 'Hanif', '34567-8904567-8', '(+23)445-6456767', 'cbnb cbncbnc'),
(6, 'aqsa', 'rasheed', '34567-2345678-9', '(+34)456-7845678', 'dfgdfghjk');

-- --------------------------------------------------------

--
-- Table structure for table `products`
--

CREATE TABLE IF NOT EXISTS `products` (
  `id` int(255) NOT NULL AUTO_INCREMENT,
  `product_name` varchar(512) NOT NULL,
  `manufacturer` varchar(64) NOT NULL,
  PRIMARY KEY (`id`)
) ENGINE=InnoDB  DEFAULT CHARSET=latin1 AUTO_INCREMENT=5 ;

--
-- Dumping data for table `products`
--

INSERT INTO `products` (`id`, `product_name`, `manufacturer`) VALUES
(1, 'nokia3310', 'nokia'),
(2, 'samsung-j7', 'samsung'),
(3, 'oppo-f1', 'opp');

-- --------------------------------------------------------

--
-- Table structure for table `products_per_purchase_invoice`
--

CREATE TABLE IF NOT EXISTS `products_per_purchase_invoice` (
  `id` int(255) NOT NULL AUTO_INCREMENT,
  `purchase_invoice_id` int(255) NOT NULL,
  `product_id` int(255) NOT NULL,
  `expiry_starting_date` date NOT NULL,
  `expiry_ending_date` date NOT NULL,
  `original_price` int(255) NOT NULL,
  `discount_per_item` int(255) NOT NULL,
  `purchase_price` int(255) NOT NULL,
  `sale_price` int(255) NOT NULL,
  `imei` int(15) NOT NULL,
  PRIMARY KEY (`id`)
) ENGINE=InnoDB  DEFAULT CHARSET=latin1 AUTO_INCREMENT=84 ;

--
-- Dumping data for table `products_per_purchase_invoice`
--

INSERT INTO `products_per_purchase_invoice` (`id`, `purchase_invoice_id`, `product_id`, `expiry_starting_date`, `expiry_ending_date`, `original_price`, `discount_per_item`, `purchase_price`, `sale_price`, `imei`) VALUES
(1, 2, 2, '2017-12-20', '2017-12-26', 0, 0, 600, 1000, 0),
(2, 2, 1, '2017-12-29', '2017-12-21', 0, 0, 600, 900, 0),
(3, 2, 1, '2017-12-29', '2017-12-21', 0, 0, 600, 900, 0),
(4, 2, 1, '2017-12-29', '2017-12-21', 0, 0, 600, 900, 0),
(5, 2, 1, '2017-12-29', '2017-12-21', 0, 0, 600, 900, 0),
(6, 2, 1, '2017-12-29', '2017-12-21', 0, 0, 600, 900, 0),
(7, 2, 1, '2017-12-29', '2017-12-21', 0, 0, 600, 900, 0),
(8, 2, 1, '2017-12-29', '2017-12-21', 0, 0, 600, 900, 0),
(9, 2, 1, '2017-12-29', '2017-12-21', 0, 0, 600, 900, 0),
(10, 2, 1, '2017-12-15', '2017-12-25', 0, 0, 588, 800, 0),
(11, 2, 1, '2017-12-15', '2017-12-25', 0, 0, 588, 800, 0),
(12, 2, 2, '2018-01-12', '2018-01-16', 0, 0, 330, 4567, 0),
(13, 2, 2, '2018-01-24', '2018-01-24', 0, 0, 810, 4567, 0),
(14, 5, 2, '2018-01-21', '2018-01-17', 900, 45, 855, 8999, 899898),
(15, 5, 2, '2018-01-21', '2018-01-17', 900, 45, 855, 8999, 899898),
(16, 5, 2, '2018-01-21', '2018-01-17', 900, 45, 855, 8999, 899898),
(17, 5, 2, '2018-01-21', '2018-01-17', 900, 45, 855, 8999, 899898),
(18, 5, 2, '2018-01-21', '2018-01-17', 900, 45, 855, 8999, 899898),
(19, 5, 2, '2018-01-21', '2018-01-17', 900, 45, 855, 8999, 899898),
(20, 5, 2, '2018-01-06', '2018-01-10', 800, 67, 733, 500, 1111),
(21, 6, 2, '2018-01-20', '2018-01-18', 900, 0, 900, 20000, 676677),
(22, 6, 2, '2018-01-17', '2018-01-24', 800, 0, 800, 700, 676767),
(23, 6, 2, '2018-01-17', '2018-01-24', 800, 0, 800, 700, 676767),
(24, 6, 2, '2018-01-18', '2018-01-17', 800, 0, 800, 900, 90909),
(25, 6, 2, '2018-01-18', '2018-01-17', 800, 0, 800, 900, 0),
(26, 6, 2, '2018-01-18', '2018-01-17', 800, 0, 800, 900, 90909),
(27, 6, 2, '2018-01-18', '2018-01-17', 800, 0, 800, 900, 0),
(28, 6, 2, '2018-01-18', '2018-01-17', 800, 0, 800, 900, 0),
(29, 6, 2, '2018-01-13', '2018-01-14', 8000, 0, 8000, 676767, 22222),
(30, 6, 2, '2018-01-12', '2018-01-11', 90, 0, 90, 900, 5678),
(31, 6, 3, '2018-01-11', '2018-01-15', 900, 0, 900, 890, 99999),
(32, 8, 3, '2018-01-16', '2018-01-17', 700, 0, 700, 900, 2147483647),
(33, 7, 1, '2018-01-10', '2018-01-17', 900, 0, 900, 456789, 3456789),
(34, 7, 1, '2018-01-10', '2018-01-17', 900, 0, 900, 456789, 345678),
(35, 7, 1, '2018-01-10', '2018-01-17', 900, 0, 900, 456789, 3456789),
(36, 7, 1, '2018-01-10', '2018-01-17', 900, 0, 900, 456789, 345678),
(37, 7, 1, '2018-01-20', '2018-01-25', 2000000, 0, 2000000, 2147483647, 234534564),
(38, 9, 2, '2018-01-01', '2018-01-31', 12345, 1481, 10864, 1234567, 2147483647),
(39, 9, 2, '2018-01-01', '2018-01-31', 12345, 1481, 10864, 1234567, 2147483647),
(40, 9, 2, '2018-01-01', '2018-01-31', 12345, 1481, 10864, 1234567, 2147483647),
(41, 9, 2, '2018-01-01', '2018-01-31', 12345, 1481, 10864, 1234567, 2147483647),
(42, 9, 2, '2018-01-01', '2018-01-31', 12345, 1481, 10864, 1234567, 2147483647),
(43, 9, 2, '2018-01-01', '2018-01-31', 12345, 1481, 10864, 1234567, 2147483647),
(44, 9, 2, '2018-01-01', '2018-01-31', 12345, 1481, 10864, 1234567, 2147483647),
(45, 9, 2, '2018-01-01', '2018-01-31', 12345, 1481, 10864, 1234567, 2147483647),
(46, 9, 1, '2018-01-01', '2018-01-31', 98765, 11851, 86914, 1234567, 2147483647),
(47, 9, 1, '2018-01-01', '2018-01-31', 98765, 11851, 86914, 1234567, 2147483647),
(48, 9, 1, '2018-01-01', '2018-01-31', 98765, 11851, 86914, 1234567, 2147483647),
(49, 6, 3, '2018-01-25', '2018-01-05', 300, 20, 280, 400, 3332323),
(50, 6, 3, '2018-01-25', '2018-01-05', 300, 20, 280, 400, 0),
(51, 10, 1, '2018-01-23', '2018-01-10', 8000, 720, 7280, 90000, 2147483647),
(52, 10, 1, '2018-01-23', '2018-01-10', 8000, 720, 7280, 90000, 0),
(53, 10, 1, '2018-01-23', '2018-01-10', 8000, 720, 7280, 90000, 2147483647),
(54, 10, 1, '2018-01-23', '2018-01-10', 8000, 720, 7280, 90000, 0),
(55, 10, 1, '2018-01-23', '2018-01-10', 8000, 720, 7280, 90000, 2147483647),
(56, 10, 1, '2018-01-23', '2018-01-10', 8000, 720, 7280, 90000, 2147483647),
(57, 10, 1, '2018-01-23', '2018-01-10', 8000, 720, 7280, 90000, 0),
(58, 10, 1, '2018-01-23', '2018-01-10', 8000, 720, 7280, 90000, 0),
(59, 10, 1, '2018-01-23', '2018-01-10', 8000, 720, 7280, 90000, 2147483647),
(60, 10, 1, '2018-01-23', '2018-01-10', 8000, 720, 7280, 90000, 0),
(61, 10, 1, '2018-01-23', '2018-01-10', 8000, 720, 7280, 90000, 2147483647),
(62, 10, 1, '2018-01-23', '2018-01-10', 8000, 720, 7280, 90000, 0),
(63, 11, 1, '2018-01-17', '2018-01-12', 90000, 90, 89910, 2147483647, 2147483647),
(64, 11, 1, '2018-01-17', '2018-01-12', 90000, 90, 89910, 2147483647, 45678),
(65, 11, 1, '2018-02-01', '2018-01-10', 345678, 0, 345678, 2147483647, 2147483647),
(66, 11, 1, '2018-01-24', '2018-01-11', 90000, 0, 90000, 7878788, 2147483647),
(67, 11, 1, '2018-01-24', '2018-01-11', 90000, 0, 90000, 7878788, 2147483647),
(68, 11, 1, '2018-01-19', '2018-01-17', 456789, 0, 456789, 3456789, 23456789),
(69, 11, 1, '2018-01-19', '2018-01-17', 456789, 0, 456789, 3456789, 23456789),
(70, 11, 1, '2018-01-17', '2018-01-24', 80000, 0, 80000, 9000, 787878787),
(71, 12, 1, '2018-01-18', '2018-01-15', 8000, 10, 7990, 90000, 37673647),
(72, 12, 1, '2018-01-18', '2018-01-15', 8000, 10, 7990, 90000, 78),
(73, 12, 1, '2018-01-18', '2018-01-15', 8000, 10, 7990, 90000, 5665656),
(74, 12, 1, '2018-01-11', '2018-01-16', 9000, 0, 9000, 89, 2147483647),
(75, 13, 1, '2018-01-17', '2018-01-22', 8000, 100, 7900, 9000, 2147483647),
(76, 13, 1, '2018-01-17', '2018-01-22', 8000, 100, 7900, 9000, 46574657),
(77, 13, 1, '2018-01-17', '2018-01-22', 8000, 100, 7900, 9000, 2147483647),
(78, 13, 1, '2018-01-17', '2018-01-22', 8000, 100, 7900, 9000, 578788),
(79, 13, 1, '2018-01-22', '2018-01-17', 700, 50, 650, 800, 578576867),
(80, 13, 1, '2018-01-22', '2018-01-17', 700, 50, 650, 800, 0),
(81, 14, 1, '2018-01-18', '2018-01-29', 800, 50, 750, 900, 75654765),
(82, 14, 1, '2018-01-18', '2018-01-29', 800, 50, 750, 900, 5674567),
(83, 14, 1, '2018-01-18', '2018-01-29', 800, 50, 750, 900, 5675675);

-- --------------------------------------------------------

--
-- Table structure for table `purchase_invoice`
--

CREATE TABLE IF NOT EXISTS `purchase_invoice` (
  `id` int(255) NOT NULL AUTO_INCREMENT,
  `distributer_id` int(255) NOT NULL,
  `date` date NOT NULL,
  `comment` varchar(500) NOT NULL,
  `net_total_of_products` int(255) NOT NULL,
  `products_discount` int(255) NOT NULL,
  `discount_of_invoice` int(255) NOT NULL,
  `net_discount` int(255) NOT NULL,
  `net_total` int(255) NOT NULL,
  `amount_paid` int(255) NOT NULL,
  `amount_payable` int(255) NOT NULL,
  PRIMARY KEY (`id`)
) ENGINE=InnoDB  DEFAULT CHARSET=latin1 AUTO_INCREMENT=16 ;

--
-- Dumping data for table `purchase_invoice`
--

INSERT INTO `purchase_invoice` (`id`, `distributer_id`, `date`, `comment`, `net_total_of_products`, `products_discount`, `discount_of_invoice`, `net_discount`, `net_total`, `amount_paid`, `amount_payable`) VALUES
(2, 17, '2017-12-13', '', 0, 0, 0, 0, 0, 0, 0),
(3, 9, '2017-12-07', '', 0, 0, 0, 0, 0, 0, 0),
(4, 8, '2017-12-29', '', 0, 0, 0, 0, 0, 0, 0),
(5, 8, '2017-12-06', ' \r\n				wertyiuoisdfghj	', 0, 0, 0, 0, 0, 0, 0),
(6, 6, '2017-12-12', ' qwertyu\r\n					', 0, 0, 0, 0, 0, 0, 0),
(7, 6, '2017-12-13', ' \r\nhjvbn', 0, 0, 0, 0, 0, 0, 0),
(8, 6, '2017-12-05', ' sdftyughjkghjk\r\n					', 0, 0, 0, 0, 0, 0, 0),
(9, 4, '2018-01-04', ' sdfdsfdsf\r\n					', 0, 0, 0, 0, 0, 0, 0),
(10, 4, '2018-01-09', ' \r\n		nvmnfj vnmcnv mnmcnjf			', 87360, 8640, 0, 8640, 87360, 87000, 360),
(11, 6, '2018-01-09', ' \r\n				dgfhdg dghdfhdgfh hdgdhgf efyueyfyfufyghdggh	', 0, 0, 0, 0, 0, 0, 0),
(12, 4, '2018-01-08', ' new invoice\r\n					', 0, 0, 0, 0, 0, 0, 0),
(13, 6, '2018-01-15', ' \r\n	ghjfgh hgjhfj fjghhgur ghjhgjg				', 0, 0, 0, 0, 0, 0, 0),
(14, 6, '2018-01-16', ' hy\r\n					', 0, 0, 0, 0, 0, 0, 0),
(15, 4, '2018-01-09', ' gjfhfh\r\n					', 0, 0, 0, 0, 0, 0, 0);

/*!40101 SET CHARACTER_SET_CLIENT=@OLD_CHARACTER_SET_CLIENT */;
/*!40101 SET CHARACTER_SET_RESULTS=@OLD_CHARACTER_SET_RESULTS */;
/*!40101 SET COLLATION_CONNECTION=@OLD_COLLATION_CONNECTION */;
